item,name,group,groupname
Q381575,Andrzej Adamczyk,Q108524676,Klub Parlamentarny Prawo i Sprawiedliwość
Q21281997,Adam Andruszkiewicz,Q108524676,Klub Parlamentarny Prawo i Sprawiedliwość
Q376758,Waldemar Andzel,Q108524676,Klub Parlamentarny Prawo i Sprawiedliwość
Q11718157,Jan Ardanowski,Q108524676,Klub Parlamentarny Prawo i Sprawiedliwość
Q1676071,Iwona Arent,Q108524676,Klub Parlamentarny Prawo i Sprawiedliwość
Q1665454,Marek Ast,Q108524676,Klub Parlamentarny Prawo i Sprawiedliwość
Q167972,Zbigniew Babalski,Q108524676,Klub Parlamentarny Prawo i Sprawiedliwość
Q1669250,Piotr Babinetz,Q108524676,Klub Parlamentarny Prawo i Sprawiedliwość
Q21282002,Ryszard Bartosik,Q108524676,Klub Parlamentarny Prawo i Sprawiedliwość
Q807345,Barbara Bartuś,Q108524676,Klub Parlamentarny Prawo i Sprawiedliwość
Q18649957,Mieczysław Baszko,Q108524676,Klub Parlamentarny Prawo i Sprawiedliwość
Q1166028,Dariusz Bąk,Q108524676,Klub Parlamentarny Prawo i Sprawiedliwość
Q327678,Jerzy Bielecki,Q108524676,Klub Parlamentarny Prawo i Sprawiedliwość
Q1748055,Mariusz Błaszczak,Q108524676,Klub Parlamentarny Prawo i Sprawiedliwość
Q22060880,Rafał Bochenek,Q108524676,Klub Parlamentarny Prawo i Sprawiedliwość
Q21282008,Joanna Borowiak,Q108524676,Klub Parlamentarny Prawo i Sprawiedliwość
Q60833165,Kamil Bortniczuk,Q108524676,Klub Parlamentarny Prawo i Sprawiedliwość
Q11688711,Bożena Borys-Szopa,Q108524676,Klub Parlamentarny Prawo i Sprawiedliwość
Q21282013,Waldemar Buda,Q108524676,Klub Parlamentarny Prawo i Sprawiedliwość
Q21282014,Lidia Burzyńska,Q108524676,Klub Parlamentarny Prawo i Sprawiedliwość
Q168030,Zbigniew Chmielowiec,Q108524676,Klub Parlamentarny Prawo i Sprawiedliwość
Q73675982,Kazimierz Choma,Q108524676,Klub Parlamentarny Prawo i Sprawiedliwość
Q5290999,Dominika Chorosińska,Q108524676,Klub Parlamentarny Prawo i Sprawiedliwość
Q71651090,Tadeusz Chrzan,Q108524676,Klub Parlamentarny Prawo i Sprawiedliwość
Q21440613,Anna Cicholska,Q108524676,Klub Parlamentarny Prawo i Sprawiedliwość
Q21282017,Michał Cieślak,Q108524676,Klub Parlamentarny Prawo i Sprawiedliwość
Q382446,Tadeusz Cymański,Q108524676,Klub Parlamentarny Prawo i Sprawiedliwość
Q327687,Krzysztof Czarnecki,Q108524676,Klub Parlamentarny Prawo i Sprawiedliwość
Q17544437,Przemysław Czarnecki,Q108524676,Klub Parlamentarny Prawo i Sprawiedliwość
Q381551,Witold Czarnecki,Q108524676,Klub Parlamentarny Prawo i Sprawiedliwość
Q22350992,Przemysław Czarnek,Q108524676,Klub Parlamentarny Prawo i Sprawiedliwość
Q382639,Arkadiusz Czartoryski,Q108524676,Klub Parlamentarny Prawo i Sprawiedliwość
Q21282020,Anita Czerwińska,Q108524676,Klub Parlamentarny Prawo i Sprawiedliwość
Q22350993,Katarzyna Czochara,Q108524676,Klub Parlamentarny Prawo i Sprawiedliwość
Q71254446,Anna Dąbrowska-Banaszek,Q108524676,Klub Parlamentarny Prawo i Sprawiedliwość
Q6532143,Leszek Dobrzyński,Q108524676,Klub Parlamentarny Prawo i Sprawiedliwość
Q168051,Zbigniew Dolata,Q108524676,Klub Parlamentarny Prawo i Sprawiedliwość
Q11687458,Bartłomiej Dorywalski,Q108524676,Klub Parlamentarny Prawo i Sprawiedliwość
Q71489409,Przemysław Drabek,Q108524676,Klub Parlamentarny Prawo i Sprawiedliwość
Q21288049,Elżbieta Duda,Q108524676,Klub Parlamentarny Prawo i Sprawiedliwość
Q21282023,Jan Duda,Q108524676,Klub Parlamentarny Prawo i Sprawiedliwość
Q19690160,Marcin Duszek,Q108524676,Klub Parlamentarny Prawo i Sprawiedliwość
Q11778705,Michał Dworczyk,Q108524676,Klub Parlamentarny Prawo i Sprawiedliwość
Q1681725,Jan Dziedziczak,Q108524676,Klub Parlamentarny Prawo i Sprawiedliwość
Q21282024,Barbara Dziuk,Q108524676,Klub Parlamentarny Prawo i Sprawiedliwość
Q21822538,Jadwiga Emilewicz,Q108524676,Klub Parlamentarny Prawo i Sprawiedliwość
Q9256656,Ewa Filipiak,Q108524676,Klub Parlamentarny Prawo i Sprawiedliwość
Q21872504,Radosław Fogiel,Q108524676,Klub Parlamentarny Prawo i Sprawiedliwość
Q21282028,Leszek Galemba,Q108524676,Klub Parlamentarny Prawo i Sprawiedliwość
Q349478,Adam Gawęda,Q108524676,Klub Parlamentarny Prawo i Sprawiedliwość
Q21282030,Andrzej Gawron,Q108524676,Klub Parlamentarny Prawo i Sprawiedliwość
Q72831474,Grzegorz Gaża,Q108524676,Klub Parlamentarny Prawo i Sprawiedliwość
Q65163660,Anna Gembicka,Q108524676,Klub Parlamentarny Prawo i Sprawiedliwość
Q328620,Szymon Giżyński,Q108524676,Klub Parlamentarny Prawo i Sprawiedliwość
Q21282031,Teresa Glenc,Q108524676,Klub Parlamentarny Prawo i Sprawiedliwość
Q11817487,Piotr Gliński,Q108524676,Klub Parlamentarny Prawo i Sprawiedliwość
Q21282034,Małgorzata Golińska,Q108524676,Klub Parlamentarny Prawo i Sprawiedliwość
Q327641,Kazimierz Gołojuch,Q108524676,Klub Parlamentarny Prawo i Sprawiedliwość
Q21282035,Jarosław Gonciarz,Q108524676,Klub Parlamentarny Prawo i Sprawiedliwość
Q73677058,Robert Gontarz,Q108524676,Klub Parlamentarny Prawo i Sprawiedliwość
Q85865695,Mariusz Gosek,Q108524676,Klub Parlamentarny Prawo i Sprawiedliwość
Q6799365,Małgorzata Gosiewska,Q108524676,Klub Parlamentarny Prawo i Sprawiedliwość
Q71967697,Agnieszka Górska,Q108524676,Klub Parlamentarny Prawo i Sprawiedliwość
Q72264383,Maciej Górski,Q108524676,Klub Parlamentarny Prawo i Sprawiedliwość
Q6758824,Marek Gróbarczyk,Q108524676,Klub Parlamentarny Prawo i Sprawiedliwość
Q186343,Andrzej Gut-Mostowy,Q108524676,Klub Parlamentarny Prawo i Sprawiedliwość
Q1737514,Kazimierz Gwiazdowski,Q108524676,Klub Parlamentarny Prawo i Sprawiedliwość
Q60833803,Marcin Gwóźdź,Q108524676,Klub Parlamentarny Prawo i Sprawiedliwość
Q21282039,Teresa Hałas,Q108524676,Klub Parlamentarny Prawo i Sprawiedliwość
Q382842,Czesław Hoc,Q108524676,Klub Parlamentarny Prawo i Sprawiedliwość
Q8067731,Zbigniew Hoffmann,Q108524676,Klub Parlamentarny Prawo i Sprawiedliwość
Q21282042,Marcin Horała,Q108524676,Klub Parlamentarny Prawo i Sprawiedliwość
Q22350994,Paweł Hreniak,Q108524676,Klub Parlamentarny Prawo i Sprawiedliwość
Q327449,Michał Jach,Q108524676,Klub Parlamentarny Prawo i Sprawiedliwość
Q2569625,Wiesław Janczyk,Q108524676,Klub Parlamentarny Prawo i Sprawiedliwość
Q28744997,Małgorzata Janowska,Q108524676,Klub Parlamentarny Prawo i Sprawiedliwość
Q21282048,Norbert Kaczmarczyk,Q108524676,Klub Parlamentarny Prawo i Sprawiedliwość
Q21282049,Filip Kaczyński,Q108524676,Klub Parlamentarny Prawo i Sprawiedliwość
Q55917,Jarosław Kaczyński,Q108524676,Klub Parlamentarny Prawo i Sprawiedliwość
Q11817602,Piotr Kaleta,Q108524676,Klub Parlamentarny Prawo i Sprawiedliwość
Q65163479,Sebastian Kaleta,Q108524676,Klub Parlamentarny Prawo i Sprawiedliwość
Q73411851,Mariusz Kałużny,Q108524676,Klub Parlamentarny Prawo i Sprawiedliwość
Q3845166,Mariusz Kamiński,Q108524676,Klub Parlamentarny Prawo i Sprawiedliwość
Q70922688,Jan Kanthak,Q108524676,Klub Parlamentarny Prawo i Sprawiedliwość
Q55391774,Fryderyk Kapinos,Q108524676,Klub Parlamentarny Prawo i Sprawiedliwość
Q255963,Lech Kołakowski,Q108524676,Klub Parlamentarny Prawo i Sprawiedliwość
Q9376605,Wojciech Kossakowski,Q108524676,Klub Parlamentarny Prawo i Sprawiedliwość
Q4759634,Andrzej Kosztowniak,Q108524676,Klub Parlamentarny Prawo i Sprawiedliwość
Q432110,Henryk Kowalczyk,Q108524676,Klub Parlamentarny Prawo i Sprawiedliwość
Q73024133,Janusz Kowalski,Q108524676,Klub Parlamentarny Prawo i Sprawiedliwość
Q9166138,Bartosz Kownacki,Q108524676,Klub Parlamentarny Prawo i Sprawiedliwość
Q21282056,Ewa Kozanecka,Q108524676,Klub Parlamentarny Prawo i Sprawiedliwość
Q65173366,Krzysztof Kozik,Q108524676,Klub Parlamentarny Prawo i Sprawiedliwość
Q21282058,Jarosław Krajewski,Q108524676,Klub Parlamentarny Prawo i Sprawiedliwość
Q21282059,Wiesław Krajewski,Q108524676,Klub Parlamentarny Prawo i Sprawiedliwość
Q432149,Leonard Krasulski,Q108524676,Klub Parlamentarny Prawo i Sprawiedliwość
Q7196976,Piotr Król,Q108524676,Klub Parlamentarny Prawo i Sprawiedliwość
Q21282061,Anna Krupka,Q108524676,Klub Parlamentarny Prawo i Sprawiedliwość
Q21282062,Andrzej Kryj,Q108524676,Klub Parlamentarny Prawo i Sprawiedliwość
Q30045841,Marta Kubiak,Q108524676,Klub Parlamentarny Prawo i Sprawiedliwość
Q21282066,Krzysztof Kubów,Q108524676,Klub Parlamentarny Prawo i Sprawiedliwość
Q932772,Marek Kuchciński,Q108524676,Klub Parlamentarny Prawo i Sprawiedliwość
Q18613944,Maria Kurowska,Q108524676,Klub Parlamentarny Prawo i Sprawiedliwość
Q73679158,Władysław Kurowski,Q108524676,Klub Parlamentarny Prawo i Sprawiedliwość
Q21288053,Jacek Kurzępa,Q108524676,Klub Parlamentarny Prawo i Sprawiedliwość
Q21282069,Anna Kwiecień,Q108524676,Klub Parlamentarny Prawo i Sprawiedliwość
Q1408441,Marek Kwitek,Q108524676,Klub Parlamentarny Prawo i Sprawiedliwość
Q432053,Tomasz Latos,Q108524676,Klub Parlamentarny Prawo i Sprawiedliwość
Q11727452,Joanna Lichocka,Q108524676,Klub Parlamentarny Prawo i Sprawiedliwość
Q432173,Krzysztof Lipiec,Q108524676,Klub Parlamentarny Prawo i Sprawiedliwość
Q21282073,Paweł Lisiecki,Q108524676,Klub Parlamentarny Prawo i Sprawiedliwość
Q60833401,Grzegorz Lorek,Q108524676,Klub Parlamentarny Prawo i Sprawiedliwość
Q21282077,Tomasz Ławniczak,Q108524676,Klub Parlamentarny Prawo i Sprawiedliwość
Q1906523,Marzena Machałek,Q108524676,Klub Parlamentarny Prawo i Sprawiedliwość
Q597698,Antoni Macierewicz,Q108524676,Klub Parlamentarny Prawo i Sprawiedliwość
Q48842537,Marlena Maląg,Q108524676,Klub Parlamentarny Prawo i Sprawiedliwość
Q432482,Ewa Malik,Q108524676,Klub Parlamentarny Prawo i Sprawiedliwość
Q21282082,Jerzy Małecki,Q108524676,Klub Parlamentarny Prawo i Sprawiedliwość
Q11765509,Maciej Małecki,Q108524676,Klub Parlamentarny Prawo i Sprawiedliwość
Q293305,Gabriela Masłowska,Q108524676,Klub Parlamentarny Prawo i Sprawiedliwość
Q432207,Jerzy Materna,Q108524676,Klub Parlamentarny Prawo i Sprawiedliwość
Q21282085,Beata Mateusiak-Pielucha,Q108524676,Klub Parlamentarny Prawo i Sprawiedliwość
Q9281962,Grzegorz Matusiak,Q108524676,Klub Parlamentarny Prawo i Sprawiedliwość
Q432068,Marek Matuszewski,Q108524676,Klub Parlamentarny Prawo i Sprawiedliwość
Q432123,Kazimierz Matuszny,Q108524676,Klub Parlamentarny Prawo i Sprawiedliwość
Q9155500,Anna Milczanowska,Q108524676,Klub Parlamentarny Prawo i Sprawiedliwość
Q21282090,Daniel Milewski,Q108524676,Klub Parlamentarny Prawo i Sprawiedliwość
Q11771436,Mateusz Morawiecki,Q108524676,Klub Parlamentarny Prawo i Sprawiedliwość
Q20900567,Jan Mosiński,Q108524676,Klub Parlamentarny Prawo i Sprawiedliwość
Q432761,Kazimierz Moskal,Q108524676,Klub Parlamentarny Prawo i Sprawiedliwość
Q21282094,Aleksander Mrówczyński,Q108524676,Klub Parlamentarny Prawo i Sprawiedliwość
Q432867,Arkadiusz Mularczyk,Q108524676,Klub Parlamentarny Prawo i Sprawiedliwość
Q48862378,Piotr Müller,Q108524676,Klub Parlamentarny Prawo i Sprawiedliwość
Q9376709,Wojciech Murdzek,Q108524676,Klub Parlamentarny Prawo i Sprawiedliwość
Q60834547,Danuta Nowicka,Q108524676,Klub Parlamentarny Prawo i Sprawiedliwość
Q55391464,Marcin Ociepa,Q108524676,Klub Parlamentarny Prawo i Sprawiedliwość
Q22350997,Waldemar Olejniczak,Q108524676,Klub Parlamentarny Prawo i Sprawiedliwość
Q5223017,Dariusz Olszewski,Q108524676,Klub Parlamentarny Prawo i Sprawiedliwość
Q4679581,Adam Ołdakowski,Q108524676,Klub Parlamentarny Prawo i Sprawiedliwość
Q11715493,Jacek Osuch,Q108524676,Klub Parlamentarny Prawo i Sprawiedliwość
Q71966781,Jacek Ozdoba,Q108524676,Klub Parlamentarny Prawo i Sprawiedliwość
Q4767398,Anna Paluch,Q108524676,Klub Parlamentarny Prawo i Sprawiedliwość
Q72385571,Teresa Pamuła,Q108524676,Klub Parlamentarny Prawo i Sprawiedliwość
Q21282102,Jerzy Paul,Q108524676,Klub Parlamentarny Prawo i Sprawiedliwość
Q71420500,Monika Pawłowska,Q108524676,Klub Parlamentarny Prawo i Sprawiedliwość
Q4939261,Bolesław Piecha,Q108524676,Klub Parlamentarny Prawo i Sprawiedliwość
Q9282037,Grzegorz Piechowiak,Q108524676,Klub Parlamentarny Prawo i Sprawiedliwość
Q73024817,Anna Pieczarka,Q108524676,Klub Parlamentarny Prawo i Sprawiedliwość
Q9202176,Dariusz Piontkowski,Q108524676,Klub Parlamentarny Prawo i Sprawiedliwość
Q73024554,Kacper Płażyński,Q108524676,Klub Parlamentarny Prawo i Sprawiedliwość
Q9253243,Elżbieta Płonka,Q108524676,Klub Parlamentarny Prawo i Sprawiedliwość
Q103056893,Szymon Pogoda,Q108524676,Klub Parlamentarny Prawo i Sprawiedliwość
Q9297870,Jerzy Polaczek,Q108524676,Klub Parlamentarny Prawo i Sprawiedliwość
Q6758887,Marek Polak,Q108524676,Klub Parlamentarny Prawo i Sprawiedliwość
Q11817962,Piotr Polak,Q108524676,Klub Parlamentarny Prawo i Sprawiedliwość
Q48842557,Violetta Porowska,Q108524676,Klub Parlamentarny Prawo i Sprawiedliwość
Q21440637,Marcin Porzucek,Q108524676,Klub Parlamentarny Prawo i Sprawiedliwość
Q21282109,Grzegorz Puda,Q108524676,Klub Parlamentarny Prawo i Sprawiedliwość
Q9388252,Zbigniew Rau,Q108524676,Klub Parlamentarny Prawo i Sprawiedliwość
Q20900575,Urszula Rusecka,Q108524676,Klub Parlamentarny Prawo i Sprawiedliwość
Q60834445,Paweł Rychlik,Q108524676,Klub Parlamentarny Prawo i Sprawiedliwość
Q21282116,Tomasz Rzymkowski,Q108524676,Klub Parlamentarny Prawo i Sprawiedliwość
Q71638752,Piotr Sak,Q108524676,Klub Parlamentarny Prawo i Sprawiedliwość
Q11715561,Jacek Sasin,Q108524676,Klub Parlamentarny Prawo i Sprawiedliwość
Q21282119,Anna Schmidt,Q108524676,Klub Parlamentarny Prawo i Sprawiedliwość
Q21282120,Łukasz Schreiber,Q108524676,Klub Parlamentarny Prawo i Sprawiedliwość
Q6160839,Jarosław Sellin,Q108524676,Klub Parlamentarny Prawo i Sprawiedliwość
Q5345327,Edward Siarka,Q108524676,Klub Parlamentarny Prawo i Sprawiedliwość
Q21282121,Anna Siarkowska,Q108524676,Klub Parlamentarny Prawo i Sprawiedliwość
Q22351000,Zdzisław Sipiera,Q108524676,Klub Parlamentarny Prawo i Sprawiedliwość
Q60834523,Sławomir Skwarek,Q108524676,Klub Parlamentarny Prawo i Sprawiedliwość
Q11738333,Kazimierz Smoliński,Q108524676,Klub Parlamentarny Prawo i Sprawiedliwość
Q71214606,Krzysztof Sobolewski,Q108524676,Klub Parlamentarny Prawo i Sprawiedliwość
Q21282124,Artur Soboń,Q108524676,Klub Parlamentarny Prawo i Sprawiedliwość
Q65162977,Agnieszka Soin,Q108524676,Klub Parlamentarny Prawo i Sprawiedliwość
Q71516894,Katarzyna Sójka,Q108524676,Klub Parlamentarny Prawo i Sprawiedliwość
Q21282125,Mirosława Stachowiak-Różecka,Q108524676,Klub Parlamentarny Prawo i Sprawiedliwość
Q19690234,Dariusz Stefaniuk,Q108524676,Klub Parlamentarny Prawo i Sprawiedliwość
Q71420899,Beata Strzałka,Q108524676,Klub Parlamentarny Prawo i Sprawiedliwość
Q6758910,Marek Suski,Q108524676,Klub Parlamentarny Prawo i Sprawiedliwość
Q21282130,Artur Szałabawka,Q108524676,Klub Parlamentarny Prawo i Sprawiedliwość
Q8029156,Wojciech Szarama,Q108524676,Klub Parlamentarny Prawo i Sprawiedliwość
Q73682288,Aleksandra Szczudło,Q108524676,Klub Parlamentarny Prawo i Sprawiedliwość
Q21282131,Józefa Szczurek-Żelazko,Q108524676,Klub Parlamentarny Prawo i Sprawiedliwość
Q21282132,Paweł Szefernaker,Q108524676,Klub Parlamentarny Prawo i Sprawiedliwość
Q4759716,Andrzej Szlachta,Q108524676,Klub Parlamentarny Prawo i Sprawiedliwość
Q21282136,Krzysztof Szulowski,Q108524676,Klub Parlamentarny Prawo i Sprawiedliwość
Q47151909,Łukasz Szumowski,Q108524676,Klub Parlamentarny Prawo i Sprawiedliwość
Q9296902,Stanisław Szwed,Q108524676,Klub Parlamentarny Prawo i Sprawiedliwość
Q21282139,Ewa Szymańska,Q108524676,Klub Parlamentarny Prawo i Sprawiedliwość
Q21282140,Szymon Szynkowski vel Sęk,Q108524676,Klub Parlamentarny Prawo i Sprawiedliwość
Q329262,Janusz Śniadek,Q108524676,Klub Parlamentarny Prawo i Sprawiedliwość
Q9140620,Adam Śnieżek,Q108524676,Klub Parlamentarny Prawo i Sprawiedliwość
Q11715706,Jacek Świat,Q108524676,Klub Parlamentarny Prawo i Sprawiedliwość
Q6440227,Krzysztof Tchórzewski,Q108524676,Klub Parlamentarny Prawo i Sprawiedliwość
Q9311126,Robert Telus,Q108524676,Klub Parlamentarny Prawo i Sprawiedliwość
Q9325008,Ryszard Terlecki,Q108524676,Klub Parlamentarny Prawo i Sprawiedliwość
Q9382853,Włodzimierz Tomaszewski,Q108524676,Klub Parlamentarny Prawo i Sprawiedliwość
Q48842268,Mariusz Trepka,Q108524676,Klub Parlamentarny Prawo i Sprawiedliwość
Q21282146,Sylwester Tułajew,Q108524676,Klub Parlamentarny Prawo i Sprawiedliwość
Q21282149,Piotr Uruski,Q108524676,Klub Parlamentarny Prawo i Sprawiedliwość
Q21282151,Piotr Uściński,Q108524676,Klub Parlamentarny Prawo i Sprawiedliwość
Q22350989,Marcin Warchoł,Q108524676,Klub Parlamentarny Prawo i Sprawiedliwość
Q9357376,Teresa Wargocka,Q108524676,Klub Parlamentarny Prawo i Sprawiedliwość
Q21282152,Robert Warwas,Q108524676,Klub Parlamentarny Prawo i Sprawiedliwość
Q11719361,Jan Warzecha,Q108524676,Klub Parlamentarny Prawo i Sprawiedliwość
Q21209286,Małgorzata Wassermann,Q108524676,Klub Parlamentarny Prawo i Sprawiedliwość
Q30231721,Piotr Wawrzyk,Q108524676,Klub Parlamentarny Prawo i Sprawiedliwość
Q21282153,Maciej Wąsik,Q108524676,Klub Parlamentarny Prawo i Sprawiedliwość
Q21282155,Rafał Weber,Q108524676,Klub Parlamentarny Prawo i Sprawiedliwość
Q72921250,Marek Wesoły,Q108524676,Klub Parlamentarny Prawo i Sprawiedliwość
Q71513659,Patryk Wicher,Q108524676,Klub Parlamentarny Prawo i Sprawiedliwość
Q5368729,Elżbieta Witek,Q108524676,Klub Parlamentarny Prawo i Sprawiedliwość
Q9282181,Grzegorz Wojciechowski,Q108524676,Klub Parlamentarny Prawo i Sprawiedliwość
Q24427754,Agata Wojtyszek,Q108524676,Klub Parlamentarny Prawo i Sprawiedliwość
Q48852322,Michał Woś,Q108524676,Klub Parlamentarny Prawo i Sprawiedliwość
Q11702806,Grzegorz Woźniak,Q108524676,Klub Parlamentarny Prawo i Sprawiedliwość
Q7674543,Tadeusz Woźniak,Q108524676,Klub Parlamentarny Prawo i Sprawiedliwość
Q6836077,Michał Wójcik,Q108524676,Klub Parlamentarny Prawo i Sprawiedliwość
Q17705219,Bartłomiej Wróblewski,Q108524676,Klub Parlamentarny Prawo i Sprawiedliwość
Q11768599,Marek Zagórski,Q108524676,Klub Parlamentarny Prawo i Sprawiedliwość
Q9296914,Sławomir Zawiślak,Q108524676,Klub Parlamentarny Prawo i Sprawiedliwość
Q6160856,Jarosław Zieliński,Q108524676,Klub Parlamentarny Prawo i Sprawiedliwość
Q56338906,Tomasz Zieliński,Q108524676,Klub Parlamentarny Prawo i Sprawiedliwość
Q159472,Zbigniew Ziobro,Q108524676,Klub Parlamentarny Prawo i Sprawiedliwość
Q9377016,Wojciech Zubowski,Q108524676,Klub Parlamentarny Prawo i Sprawiedliwość
Q21282162,Ireneusz Zyska,Q108524676,Klub Parlamentarny Prawo i Sprawiedliwość
Q165616,Jacek Żalek,Q108524676,Klub Parlamentarny Prawo i Sprawiedliwość
Q11817234,Piotr Adamowicz,Q108524655,"Klub Parlamentarny Koalicja Obywatelska – Platforma Obywatelska, Nowoczesna, Inicjatywa Polska, Zieloni"
Q71421306,Tomasz Aniśko,Q108524655,"Klub Parlamentarny Koalicja Obywatelska – Platforma Obywatelska, Nowoczesna, Inicjatywa Polska, Zieloni"
Q7901327,Urszula Augustyn,Q108524655,"Klub Parlamentarny Koalicja Obywatelska – Platforma Obywatelska, Nowoczesna, Inicjatywa Polska, Zieloni"
Q363696,Tadeusz Aziewicz,Q108524655,"Klub Parlamentarny Koalicja Obywatelska – Platforma Obywatelska, Nowoczesna, Inicjatywa Polska, Zieloni"
Q72921355,Mateusz Bochenek,Q108524655,"Klub Parlamentarny Koalicja Obywatelska – Platforma Obywatelska, Nowoczesna, Inicjatywa Polska, Zieloni"
Q11724399,Jerzy Borowczak,Q108524655,"Klub Parlamentarny Koalicja Obywatelska – Platforma Obywatelska, Nowoczesna, Inicjatywa Polska, Zieloni"
Q570159,Piotr Borys,Q108524655,"Klub Parlamentarny Koalicja Obywatelska – Platforma Obywatelska, Nowoczesna, Inicjatywa Polska, Zieloni"
Q11688652,Borys Budka,Q108524655,"Klub Parlamentarny Koalicja Obywatelska – Platforma Obywatelska, Nowoczesna, Inicjatywa Polska, Zieloni"
Q21282015,Małgorzata Chmiel,Q108524655,"Klub Parlamentarny Koalicja Obywatelska – Platforma Obywatelska, Nowoczesna, Inicjatywa Polska, Zieloni"
Q11720108,Janusz Cichoń,Q108524655,"Klub Parlamentarny Koalicja Obywatelska – Platforma Obywatelska, Nowoczesna, Inicjatywa Polska, Zieloni"
Q21282018,Adam Cyrański,Q108524655,"Klub Parlamentarny Koalicja Obywatelska – Platforma Obywatelska, Nowoczesna, Inicjatywa Polska, Zieloni"
Q9391730,Zofia Czernow,Q108524655,"Klub Parlamentarny Koalicja Obywatelska – Platforma Obywatelska, Nowoczesna, Inicjatywa Polska, Zieloni"
Q941664,Eugeniusz Czykwin,Q108524655,"Klub Parlamentarny Koalicja Obywatelska – Platforma Obywatelska, Nowoczesna, Inicjatywa Polska, Zieloni"
Q21282021,Barbara Dolniak,Q108524655,"Klub Parlamentarny Koalicja Obywatelska – Platforma Obywatelska, Nowoczesna, Inicjatywa Polska, Zieloni"
Q7961661,Waldy Dzikowski,Q108524655,"Klub Parlamentarny Koalicja Obywatelska – Platforma Obywatelska, Nowoczesna, Inicjatywa Polska, Zieloni"
Q256891,Joanna Fabisiak,Q108524655,"Klub Parlamentarny Koalicja Obywatelska – Platforma Obywatelska, Nowoczesna, Inicjatywa Polska, Zieloni"
Q72257834,Magdalena Filiks,Q108524655,"Klub Parlamentarny Koalicja Obywatelska – Platforma Obywatelska, Nowoczesna, Inicjatywa Polska, Zieloni"
Q21282025,Joanna Frydrych,Q108524655,"Klub Parlamentarny Koalicja Obywatelska – Platforma Obywatelska, Nowoczesna, Inicjatywa Polska, Zieloni"
Q71599083,Konrad Frysztak,Q108524655,"Klub Parlamentarny Koalicja Obywatelska – Platforma Obywatelska, Nowoczesna, Inicjatywa Polska, Zieloni"
Q6440131,Krzysztof Gadowski,Q108524655,"Klub Parlamentarny Koalicja Obywatelska – Platforma Obywatelska, Nowoczesna, Inicjatywa Polska, Zieloni"
Q73676585,Aleksandra Gajewska,Q108524655,"Klub Parlamentarny Koalicja Obywatelska – Platforma Obywatelska, Nowoczesna, Inicjatywa Polska, Zieloni"
Q21282027,Kinga Gajewska,Q108524655,"Klub Parlamentarny Koalicja Obywatelska – Platforma Obywatelska, Nowoczesna, Inicjatywa Polska, Zieloni"
Q9253123,Elżbieta Gapińska,Q108524655,"Klub Parlamentarny Koalicja Obywatelska – Platforma Obywatelska, Nowoczesna, Inicjatywa Polska, Zieloni"
Q21231228,Kamila Gasiuk-Pihowicz,Q108524655,"Klub Parlamentarny Koalicja Obywatelska – Platforma Obywatelska, Nowoczesna, Inicjatywa Polska, Zieloni"
Q5368714,Elżbieta Gelert,Q108524655,"Klub Parlamentarny Koalicja Obywatelska – Platforma Obywatelska, Nowoczesna, Inicjatywa Polska, Zieloni"
Q327512,Tomasz Głogowski,Q108524655,"Klub Parlamentarny Koalicja Obywatelska – Platforma Obywatelska, Nowoczesna, Inicjatywa Polska, Zieloni"
Q21282033,Marta Golbik,Q108524655,"Klub Parlamentarny Koalicja Obywatelska – Platforma Obywatelska, Nowoczesna, Inicjatywa Polska, Zieloni"
Q1058052,Cezary Grabarczyk,Q108524655,"Klub Parlamentarny Koalicja Obywatelska – Platforma Obywatelska, Nowoczesna, Inicjatywa Polska, Zieloni"
Q11749225,Krzysztof Grabczuk,Q108524655,"Klub Parlamentarny Koalicja Obywatelska – Platforma Obywatelska, Nowoczesna, Inicjatywa Polska, Zieloni"
Q11717579,Jan Grabiec,Q108524655,"Klub Parlamentarny Koalicja Obywatelska – Platforma Obywatelska, Nowoczesna, Inicjatywa Polska, Zieloni"
Q602861,Rafał Grupiński,Q108524655,"Klub Parlamentarny Koalicja Obywatelska – Platforma Obywatelska, Nowoczesna, Inicjatywa Polska, Zieloni"
Q71419663,Riad Haidar,Q108524655,"Klub Parlamentarny Koalicja Obywatelska – Platforma Obywatelska, Nowoczesna, Inicjatywa Polska, Zieloni"
Q394886,Agnieszka Hanajczyk,Q108524655,"Klub Parlamentarny Koalicja Obywatelska – Platforma Obywatelska, Nowoczesna, Inicjatywa Polska, Zieloni"
Q19690174,Jerzy Hardie-Douglas,Q108524655,"Klub Parlamentarny Koalicja Obywatelska – Platforma Obywatelska, Nowoczesna, Inicjatywa Polska, Zieloni"
Q72084103,Iwona Hartwich,Q108524655,"Klub Parlamentarny Koalicja Obywatelska – Platforma Obywatelska, Nowoczesna, Inicjatywa Polska, Zieloni"
Q11768165,Marek Hok,Q108524655,"Klub Parlamentarny Koalicja Obywatelska – Platforma Obywatelska, Nowoczesna, Inicjatywa Polska, Zieloni"
Q71048381,Klaudia Jachira,Q108524655,"Klub Parlamentarny Koalicja Obywatelska – Platforma Obywatelska, Nowoczesna, Inicjatywa Polska, Zieloni"
Q11768918,Maria Janyska,Q108524655,"Klub Parlamentarny Koalicja Obywatelska – Platforma Obywatelska, Nowoczesna, Inicjatywa Polska, Zieloni"
Q11778830,Michał Jaros,Q108524655,"Klub Parlamentarny Koalicja Obywatelska – Platforma Obywatelska, Nowoczesna, Inicjatywa Polska, Zieloni"
Q72100585,Joanna Jaśkowiak,Q108524655,"Klub Parlamentarny Koalicja Obywatelska – Platforma Obywatelska, Nowoczesna, Inicjatywa Polska, Zieloni"
Q9202040,Dariusz Joński,Q108524655,"Klub Parlamentarny Koalicja Obywatelska – Platforma Obywatelska, Nowoczesna, Inicjatywa Polska, Zieloni"
Q6799370,Małgorzata Kidawa-Błońska,Q108524655,"Klub Parlamentarny Koalicja Obywatelska – Platforma Obywatelska, Nowoczesna, Inicjatywa Polska, Zieloni"
Q11767619,Marcin Kierwiński,Q108524655,"Klub Parlamentarny Koalicja Obywatelska – Platforma Obywatelska, Nowoczesna, Inicjatywa Polska, Zieloni"
Q461556,Joanna Kluzik-Rostkowska,Q108524655,"Klub Parlamentarny Koalicja Obywatelska – Platforma Obywatelska, Nowoczesna, Inicjatywa Polska, Zieloni"
Q9256715,Ewa Kołodziej,Q108524655,"Klub Parlamentarny Koalicja Obywatelska – Platforma Obywatelska, Nowoczesna, Inicjatywa Polska, Zieloni"
Q9388028,Zbigniew Konwiński,Q108524655,"Klub Parlamentarny Koalicja Obywatelska – Platforma Obywatelska, Nowoczesna, Inicjatywa Polska, Zieloni"
Q20900564,Tomasz Kostuś,Q108524655,"Klub Parlamentarny Koalicja Obywatelska – Platforma Obywatelska, Nowoczesna, Inicjatywa Polska, Zieloni"
Q432215,Paweł Kowal,Q108524655,"Klub Parlamentarny Koalicja Obywatelska – Platforma Obywatelska, Nowoczesna, Inicjatywa Polska, Zieloni"
Q11714567,Iwona Kozłowska,Q108524655,"Klub Parlamentarny Koalicja Obywatelska – Platforma Obywatelska, Nowoczesna, Inicjatywa Polska, Zieloni"
Q73678705,Michał Krawczyk,Q108524655,"Klub Parlamentarny Koalicja Obywatelska – Platforma Obywatelska, Nowoczesna, Inicjatywa Polska, Zieloni"
Q9310929,Robert Kropiwnicki,Q108524655,"Klub Parlamentarny Koalicja Obywatelska – Platforma Obywatelska, Nowoczesna, Inicjatywa Polska, Zieloni"
Q21282060,Wojciech Król,Q108524655,"Klub Parlamentarny Koalicja Obywatelska – Platforma Obywatelska, Nowoczesna, Inicjatywa Polska, Zieloni"
Q11768254,Marek Krząkała,Q108524655,"Klub Parlamentarny Koalicja Obywatelska – Platforma Obywatelska, Nowoczesna, Inicjatywa Polska, Zieloni"
Q1607519,Henryka Krzywonos-Strycharska,Q108524655,"Klub Parlamentarny Koalicja Obywatelska – Platforma Obywatelska, Nowoczesna, Inicjatywa Polska, Zieloni"
Q11765480,Maciej Lasek,Q108524655,"Klub Parlamentarny Koalicja Obywatelska – Platforma Obywatelska, Nowoczesna, Inicjatywa Polska, Zieloni"
Q20900566,Gabriela Lenartowicz,Q108524655,"Klub Parlamentarny Koalicja Obywatelska – Platforma Obywatelska, Nowoczesna, Inicjatywa Polska, Zieloni"
Q7818431,Tomasz Lenz,Q108524655,"Klub Parlamentarny Koalicja Obywatelska – Platforma Obywatelska, Nowoczesna, Inicjatywa Polska, Zieloni"
Q11714680,Izabela Leszczyna,Q108524655,"Klub Parlamentarny Koalicja Obywatelska – Platforma Obywatelska, Nowoczesna, Inicjatywa Polska, Zieloni"
Q21282075,Katarzyna Lubnauer,Q108524655,"Klub Parlamentarny Koalicja Obywatelska – Platforma Obywatelska, Nowoczesna, Inicjatywa Polska, Zieloni"
Q72970716,Artur Łącki,Q108524655,"Klub Parlamentarny Koalicja Obywatelska – Platforma Obywatelska, Nowoczesna, Inicjatywa Polska, Zieloni"
Q71122649,Magdalena Łośko,Q108524655,"Klub Parlamentarny Koalicja Obywatelska – Platforma Obywatelska, Nowoczesna, Inicjatywa Polska, Zieloni"
Q21282083,Arkadiusz Marchewka,Q108524655,"Klub Parlamentarny Koalicja Obywatelska – Platforma Obywatelska, Nowoczesna, Inicjatywa Polska, Zieloni"
Q24840,Jagna Marczułajtis-Walczak,Q108524655,"Klub Parlamentarny Koalicja Obywatelska – Platforma Obywatelska, Nowoczesna, Inicjatywa Polska, Zieloni"
Q21282088,Krzysztof Mieszkowski,Q108524655,"Klub Parlamentarny Koalicja Obywatelska – Platforma Obywatelska, Nowoczesna, Inicjatywa Polska, Zieloni"
Q9303570,Rajmund Miller,Q108524655,"Klub Parlamentarny Koalicja Obywatelska – Platforma Obywatelska, Nowoczesna, Inicjatywa Polska, Zieloni"
Q73424976,Aleksander Miszalski,Q108524655,"Klub Parlamentarny Koalicja Obywatelska – Platforma Obywatelska, Nowoczesna, Inicjatywa Polska, Zieloni"
Q5202126,Czesław Mroczek,Q108524655,"Klub Parlamentarny Koalicja Obywatelska – Platforma Obywatelska, Nowoczesna, Inicjatywa Polska, Zieloni"
Q11714684,Izabela Mrzygłocka,Q108524655,"Klub Parlamentarny Koalicja Obywatelska – Platforma Obywatelska, Nowoczesna, Inicjatywa Polska, Zieloni"
Q21282097,Arkadiusz Myrcha,Q108524655,"Klub Parlamentarny Koalicja Obywatelska – Platforma Obywatelska, Nowoczesna, Inicjatywa Polska, Zieloni"
Q1377262,Grzegorz Napieralski,Q108524655,"Klub Parlamentarny Koalicja Obywatelska – Platforma Obywatelska, Nowoczesna, Inicjatywa Polska, Zieloni"
Q9353185,Sławomir Neumann,Q108524655,"Klub Parlamentarny Koalicja Obywatelska – Platforma Obywatelska, Nowoczesna, Inicjatywa Polska, Zieloni"
Q11694886,Dorota Niedziela,Q108524655,"Klub Parlamentarny Koalicja Obywatelska – Platforma Obywatelska, Nowoczesna, Inicjatywa Polska, Zieloni"
Q651170,Małgorzata Niemczyk,Q108524655,"Klub Parlamentarny Koalicja Obywatelska – Platforma Obywatelska, Nowoczesna, Inicjatywa Polska, Zieloni"
Q943067,Sławomir Nitras,Q108524655,"Klub Parlamentarny Koalicja Obywatelska – Platforma Obywatelska, Nowoczesna, Inicjatywa Polska, Zieloni"
Q20278674,Barbara Nowacka,Q108524655,"Klub Parlamentarny Koalicja Obywatelska – Platforma Obywatelska, Nowoczesna, Inicjatywa Polska, Zieloni"
Q327673,Tomasz Nowak,Q108524655,"Klub Parlamentarny Koalicja Obywatelska – Platforma Obywatelska, Nowoczesna, Inicjatywa Polska, Zieloni"
Q1285126,Mirosława Nykiel,Q108524655,"Klub Parlamentarny Koalicja Obywatelska – Platforma Obywatelska, Nowoczesna, Inicjatywa Polska, Zieloni"
Q11770976,Marzena Okła-Drewnowicz,Q108524655,"Klub Parlamentarny Koalicja Obywatelska – Platforma Obywatelska, Nowoczesna, Inicjatywa Polska, Zieloni"
Q72920631,Tomasz Olichwer,Q108524655,"Klub Parlamentarny Koalicja Obywatelska – Platforma Obywatelska, Nowoczesna, Inicjatywa Polska, Zieloni"
Q506776,Paweł Olszewski,Q108524655,"Klub Parlamentarny Koalicja Obywatelska – Platforma Obywatelska, Nowoczesna, Inicjatywa Polska, Zieloni"
Q19690214,Katarzyna Osos,Q108524655,"Klub Parlamentarny Koalicja Obywatelska – Platforma Obywatelska, Nowoczesna, Inicjatywa Polska, Zieloni"
Q7156193,Paweł Papke,Q108524655,"Klub Parlamentarny Koalicja Obywatelska – Platforma Obywatelska, Nowoczesna, Inicjatywa Polska, Zieloni"
Q11772360,Małgorzata Pępek,Q108524655,"Klub Parlamentarny Koalicja Obywatelska – Platforma Obywatelska, Nowoczesna, Inicjatywa Polska, Zieloni"
Q73024367,Krzysztof Piątkowski,Q108524655,"Klub Parlamentarny Koalicja Obywatelska – Platforma Obywatelska, Nowoczesna, Inicjatywa Polska, Zieloni"
Q505776,Sławomir Piechota,Q108524655,"Klub Parlamentarny Koalicja Obywatelska – Platforma Obywatelska, Nowoczesna, Inicjatywa Polska, Zieloni"
Q275644,Katarzyna Piekarska,Q108524655,"Klub Parlamentarny Koalicja Obywatelska – Platforma Obywatelska, Nowoczesna, Inicjatywa Polska, Zieloni"
Q466766,Kazimierz Plocke,Q108524655,"Klub Parlamentarny Koalicja Obywatelska – Platforma Obywatelska, Nowoczesna, Inicjatywa Polska, Zieloni"
Q394899,Agnieszka Pomaska,Q108524655,"Klub Parlamentarny Koalicja Obywatelska – Platforma Obywatelska, Nowoczesna, Inicjatywa Polska, Zieloni"
Q7156196,Paweł Poncyljusz,Q108524655,"Klub Parlamentarny Koalicja Obywatelska – Platforma Obywatelska, Nowoczesna, Inicjatywa Polska, Zieloni"
Q11715524,Jacek Protas,Q108524655,"Klub Parlamentarny Koalicja Obywatelska – Platforma Obywatelska, Nowoczesna, Inicjatywa Polska, Zieloni"
Q21282113,Monika Rosa,Q108524655,"Klub Parlamentarny Koalicja Obywatelska – Platforma Obywatelska, Nowoczesna, Inicjatywa Polska, Zieloni"
Q1166062,Dariusz Rosati,Q108524655,"Klub Parlamentarny Koalicja Obywatelska – Platforma Obywatelska, Nowoczesna, Inicjatywa Polska, Zieloni"
Q72938290,Grzegorz Rusiecki,Q108524655,"Klub Parlamentarny Koalicja Obywatelska – Platforma Obywatelska, Nowoczesna, Inicjatywa Polska, Zieloni"
Q462043,Jakub Rutnicki,Q108524655,"Klub Parlamentarny Koalicja Obywatelska – Platforma Obywatelska, Nowoczesna, Inicjatywa Polska, Zieloni"
Q11768433,Marek Rząsa,Q108524655,"Klub Parlamentarny Koalicja Obywatelska – Platforma Obywatelska, Nowoczesna, Inicjatywa Polska, Zieloni"
Q164525,Wojciech Saługa,Q108524655,"Klub Parlamentarny Koalicja Obywatelska – Platforma Obywatelska, Nowoczesna, Inicjatywa Polska, Zieloni"
Q362851,Grzegorz Schetyna,Q108524655,"Klub Parlamentarny Koalicja Obywatelska – Platforma Obywatelska, Nowoczesna, Inicjatywa Polska, Zieloni"
Q11748767,Krystyna Sibińska,Q108524655,"Klub Parlamentarny Koalicja Obywatelska – Platforma Obywatelska, Nowoczesna, Inicjatywa Polska, Zieloni"
Q984160,Tomasz Siemoniak,Q108524655,"Klub Parlamentarny Koalicja Obywatelska – Platforma Obywatelska, Nowoczesna, Inicjatywa Polska, Zieloni"
Q5213246,Bartłomiej Sienkiewicz,Q108524655,"Klub Parlamentarny Koalicja Obywatelska – Platforma Obywatelska, Nowoczesna, Inicjatywa Polska, Zieloni"
Q434030,Krystyna Skowrońska,Q108524655,"Klub Parlamentarny Koalicja Obywatelska – Platforma Obywatelska, Nowoczesna, Inicjatywa Polska, Zieloni"
Q9370246,Waldemar Sługocki,Q108524655,"Klub Parlamentarny Koalicja Obywatelska – Platforma Obywatelska, Nowoczesna, Inicjatywa Polska, Zieloni"
Q4937934,Bogusław Sonik,Q108524655,"Klub Parlamentarny Koalicja Obywatelska – Platforma Obywatelska, Nowoczesna, Inicjatywa Polska, Zieloni"
Q11768474,Marek Sowa,Q108524655,"Klub Parlamentarny Koalicja Obywatelska – Platforma Obywatelska, Nowoczesna, Inicjatywa Polska, Zieloni"
Q73681986,Franciszek Sterczewski,Q108524655,"Klub Parlamentarny Koalicja Obywatelska – Platforma Obywatelska, Nowoczesna, Inicjatywa Polska, Zieloni"
Q570288,Michał Szczerba,Q108524655,"Klub Parlamentarny Koalicja Obywatelska – Platforma Obywatelska, Nowoczesna, Inicjatywa Polska, Zieloni"
Q4759713,Andrzej Szewiński,Q108524655,"Klub Parlamentarny Koalicja Obywatelska – Platforma Obywatelska, Nowoczesna, Inicjatywa Polska, Zieloni"
Q21282134,Adam Szłapka,Q108524655,"Klub Parlamentarny Koalicja Obywatelska – Platforma Obywatelska, Nowoczesna, Inicjatywa Polska, Zieloni"
Q456007,Krystyna Szumilas,Q108524655,"Klub Parlamentarny Koalicja Obywatelska – Platforma Obywatelska, Nowoczesna, Inicjatywa Polska, Zieloni"
Q9359746,Tomasz Szymański,Q108524655,"Klub Parlamentarny Koalicja Obywatelska – Platforma Obywatelska, Nowoczesna, Inicjatywa Polska, Zieloni"
Q9296852,Iwona Śledzińska-Katarasińska,Q108524655,"Klub Parlamentarny Koalicja Obywatelska – Platforma Obywatelska, Nowoczesna, Inicjatywa Polska, Zieloni"
Q744579,Cezary Tomczyk,Q108524655,"Klub Parlamentarny Koalicja Obywatelska – Platforma Obywatelska, Nowoczesna, Inicjatywa Polska, Zieloni"
Q20873946,Małgorzata Tracz,Q108524655,"Klub Parlamentarny Koalicja Obywatelska – Platforma Obywatelska, Nowoczesna, Inicjatywa Polska, Zieloni"
Q21282145,Krzysztof Truskolaski,Q108524655,"Klub Parlamentarny Koalicja Obywatelska – Platforma Obywatelska, Nowoczesna, Inicjatywa Polska, Zieloni"
Q441607,Robert Tyszkiewicz,Q108524655,"Klub Parlamentarny Koalicja Obywatelska – Platforma Obywatelska, Nowoczesna, Inicjatywa Polska, Zieloni"
Q441616,Jarosław Urbaniak,Q108524655,"Klub Parlamentarny Koalicja Obywatelska – Platforma Obywatelska, Nowoczesna, Inicjatywa Polska, Zieloni"
Q1392390,Jarosław Wałęsa,Q108524655,"Klub Parlamentarny Koalicja Obywatelska – Platforma Obywatelska, Nowoczesna, Inicjatywa Polska, Zieloni"
Q71254826,Marta Wcisło,Q108524655,"Klub Parlamentarny Koalicja Obywatelska – Platforma Obywatelska, Nowoczesna, Inicjatywa Polska, Zieloni"
Q1716183,Monika Wielichowska,Q108524655,"Klub Parlamentarny Koalicja Obywatelska – Platforma Obywatelska, Nowoczesna, Inicjatywa Polska, Zieloni"
Q9325029,Ryszard Wilczyński,Q108524655,"Klub Parlamentarny Koalicja Obywatelska – Platforma Obywatelska, Nowoczesna, Inicjatywa Polska, Zieloni"
Q11770240,Mariusz Witczak,Q108524655,"Klub Parlamentarny Koalicja Obywatelska – Platforma Obywatelska, Nowoczesna, Inicjatywa Polska, Zieloni"
Q106702113,Anna Wojciechowska,Q108524655,"Klub Parlamentarny Koalicja Obywatelska – Platforma Obywatelska, Nowoczesna, Inicjatywa Polska, Zieloni"
Q21282160,Witold Zembaczyński,Q108524655,"Klub Parlamentarny Koalicja Obywatelska – Platforma Obywatelska, Nowoczesna, Inicjatywa Polska, Zieloni"
Q72264741,Urszula Zielińska,Q108524655,"Klub Parlamentarny Koalicja Obywatelska – Platforma Obywatelska, Nowoczesna, Inicjatywa Polska, Zieloni"
Q14918608,Piotr Zientarski,Q108524655,"Klub Parlamentarny Koalicja Obywatelska – Platforma Obywatelska, Nowoczesna, Inicjatywa Polska, Zieloni"
Q449484,Tadeusz Zwiefka,Q108524655,"Klub Parlamentarny Koalicja Obywatelska – Platforma Obywatelska, Nowoczesna, Inicjatywa Polska, Zieloni"
Q72921427,Rafał Adamczyk,Q108524674,"Koalicyjny Klub Parlamentarny Lewicy (Nowa Lewica, PPS, Razem, Wiosna Roberta Biedronia)"
Q2165280,Romuald Ajchler,Q108524674,"Koalicyjny Klub Parlamentarny Lewicy (Nowa Lewica, PPS, Razem, Wiosna Roberta Biedronia)"
Q71056770,Magdalena Biejat,Q108524674,"Koalicyjny Klub Parlamentarny Lewicy (Nowa Lewica, PPS, Razem, Wiosna Roberta Biedronia)"
Q71507746,Wiesław Buż,Q108524674,"Koalicyjny Klub Parlamentarny Lewicy (Nowa Lewica, PPS, Razem, Wiosna Roberta Biedronia)"
Q9382607,Włodzimierz Czarzasty,Q108524674,"Koalicyjny Klub Parlamentarny Lewicy (Nowa Lewica, PPS, Razem, Wiosna Roberta Biedronia)"
Q11715257,Jacek Czerniak,Q108524674,"Koalicyjny Klub Parlamentarny Lewicy (Nowa Lewica, PPS, Razem, Wiosna Roberta Biedronia)"
Q11768108,Marek Dyduch,Q108524674,"Koalicyjny Klub Parlamentarny Lewicy (Nowa Lewica, PPS, Razem, Wiosna Roberta Biedronia)"
Q27998784,Agnieszka Dziemianowicz-Bąk,Q108524674,"Koalicyjny Klub Parlamentarny Lewicy (Nowa Lewica, PPS, Razem, Wiosna Roberta Biedronia)"
Q71082903,Monika Falej,Q108524674,"Koalicyjny Klub Parlamentarny Lewicy (Nowa Lewica, PPS, Razem, Wiosna Roberta Biedronia)"
Q21524707,Krzysztof Gawkowski,Q108524674,"Koalicyjny Klub Parlamentarny Lewicy (Nowa Lewica, PPS, Razem, Wiosna Roberta Biedronia)"
Q19268672,Maciej Gdula,Q108524674,"Koalicyjny Klub Parlamentarny Lewicy (Nowa Lewica, PPS, Razem, Wiosna Roberta Biedronia)"
Q71180847,Daria Gosek-Popiołek,Q108524674,"Koalicyjny Klub Parlamentarny Lewicy (Nowa Lewica, PPS, Razem, Wiosna Roberta Biedronia)"
Q71217265,Arkadiusz Iwaniak,Q108524674,"Koalicyjny Klub Parlamentarny Lewicy (Nowa Lewica, PPS, Razem, Wiosna Roberta Biedronia)"
Q72920956,Maciej Konieczny,Q108524674,"Koalicyjny Klub Parlamentarny Lewicy (Nowa Lewica, PPS, Razem, Wiosna Roberta Biedronia)"
Q71331668,Przemysław Koperski,Q108524674,"Koalicyjny Klub Parlamentarny Lewicy (Nowa Lewica, PPS, Razem, Wiosna Roberta Biedronia)"
Q71062305,Maciej Kopiec,Q108524674,"Koalicyjny Klub Parlamentarny Lewicy (Nowa Lewica, PPS, Razem, Wiosna Roberta Biedronia)"
Q71160486,Katarzyna Kotula,Q108524674,"Koalicyjny Klub Parlamentarny Lewicy (Nowa Lewica, PPS, Razem, Wiosna Roberta Biedronia)"
Q72922606,Katarzyna Kretkowska,Q108524674,"Koalicyjny Klub Parlamentarny Lewicy (Nowa Lewica, PPS, Razem, Wiosna Roberta Biedronia)"
Q71067534,Paweł Krutul,Q108524674,"Koalicyjny Klub Parlamentarny Lewicy (Nowa Lewica, PPS, Razem, Wiosna Roberta Biedronia)"
Q65953357,Anita Kucharska-Dziedzic,Q108524674,"Koalicyjny Klub Parlamentarny Lewicy (Nowa Lewica, PPS, Razem, Wiosna Roberta Biedronia)"
Q72936824,Marcin Kulasek,Q108524674,"Koalicyjny Klub Parlamentarny Lewicy (Nowa Lewica, PPS, Razem, Wiosna Roberta Biedronia)"
Q9310945,Robert Kwiatkowski,Q108524674,"Koalicyjny Klub Parlamentarny Lewicy (Nowa Lewica, PPS, Razem, Wiosna Roberta Biedronia)"
Q73679465,Beata Maciejewska,Q108524674,"Koalicyjny Klub Parlamentarny Lewicy (Nowa Lewica, PPS, Razem, Wiosna Roberta Biedronia)"
Q71222896,Paulina Matysiak,Q108524674,"Koalicyjny Klub Parlamentarny Lewicy (Nowa Lewica, PPS, Razem, Wiosna Roberta Biedronia)"
Q513719,Wanda Nowicka,Q108524674,"Koalicyjny Klub Parlamentarny Lewicy (Nowa Lewica, PPS, Razem, Wiosna Roberta Biedronia)"
Q71120311,Robert Obaz,Q108524674,"Koalicyjny Klub Parlamentarny Lewicy (Nowa Lewica, PPS, Razem, Wiosna Roberta Biedronia)"
Q72938214,Karolina Pawliczak,Q108524674,"Koalicyjny Klub Parlamentarny Lewicy (Nowa Lewica, PPS, Razem, Wiosna Roberta Biedronia)"
Q72998344,Małgorzata Prokop-Paczkowska,Q108524674,"Koalicyjny Klub Parlamentarny Lewicy (Nowa Lewica, PPS, Razem, Wiosna Roberta Biedronia)"
Q515478,Andrzej Rozenek,Q108524674,"Koalicyjny Klub Parlamentarny Lewicy (Nowa Lewica, PPS, Razem, Wiosna Roberta Biedronia)"
Q71090171,Marek Rutka,Q108524674,"Koalicyjny Klub Parlamentarny Lewicy (Nowa Lewica, PPS, Razem, Wiosna Roberta Biedronia)"
Q21282118,Joanna Scheuring-Wielgus,Q108524674,"Koalicyjny Klub Parlamentarny Lewicy (Nowa Lewica, PPS, Razem, Wiosna Roberta Biedronia)"
Q11772373,Małgorzata Sekuła-Szmajdzińska,Q108524674,"Koalicyjny Klub Parlamentarny Lewicy (Nowa Lewica, PPS, Razem, Wiosna Roberta Biedronia)"
Q275679,Joanna Senyszyn,Q108524674,"Koalicyjny Klub Parlamentarny Lewicy (Nowa Lewica, PPS, Razem, Wiosna Roberta Biedronia)"
Q71042054,Anita Sowińska,Q108524674,"Koalicyjny Klub Parlamentarny Lewicy (Nowa Lewica, PPS, Razem, Wiosna Roberta Biedronia)"
Q376732,Wiesław Szczepański,Q108524674,"Koalicyjny Klub Parlamentarny Lewicy (Nowa Lewica, PPS, Razem, Wiosna Roberta Biedronia)"
Q4759715,Andrzej Szejna,Q108524674,"Koalicyjny Klub Parlamentarny Lewicy (Nowa Lewica, PPS, Razem, Wiosna Roberta Biedronia)"
Q61944248,Jan Szopiński,Q108524674,"Koalicyjny Klub Parlamentarny Lewicy (Nowa Lewica, PPS, Razem, Wiosna Roberta Biedronia)"
Q28123976,Krzysztof Śmiszek,Q108524674,"Koalicyjny Klub Parlamentarny Lewicy (Nowa Lewica, PPS, Razem, Wiosna Roberta Biedronia)"
Q376840,Tadeusz Tomaszewski,Q108524674,"Koalicyjny Klub Parlamentarny Lewicy (Nowa Lewica, PPS, Razem, Wiosna Roberta Biedronia)"
Q73682661,Tomasz Trela,Q108524674,"Koalicyjny Klub Parlamentarny Lewicy (Nowa Lewica, PPS, Razem, Wiosna Roberta Biedronia)"
Q71104811,Katarzyna Ueberhan,Q108524674,"Koalicyjny Klub Parlamentarny Lewicy (Nowa Lewica, PPS, Razem, Wiosna Roberta Biedronia)"
Q72998798,Dariusz Wieczorek,Q108524674,"Koalicyjny Klub Parlamentarny Lewicy (Nowa Lewica, PPS, Razem, Wiosna Roberta Biedronia)"
Q72831660,Zdzisław Wolski,Q108524674,"Koalicyjny Klub Parlamentarny Lewicy (Nowa Lewica, PPS, Razem, Wiosna Roberta Biedronia)"
Q382467,Bogusław Wontor,Q108524674,"Koalicyjny Klub Parlamentarny Lewicy (Nowa Lewica, PPS, Razem, Wiosna Roberta Biedronia)"
Q21157896,Adrian Zandberg,Q108524674,"Koalicyjny Klub Parlamentarny Lewicy (Nowa Lewica, PPS, Razem, Wiosna Roberta Biedronia)"
Q47484353,Marcelina Zawisza,Q108524674,"Koalicyjny Klub Parlamentarny Lewicy (Nowa Lewica, PPS, Razem, Wiosna Roberta Biedronia)"
Q73683838,Anna Żukowska,Q108524674,"Koalicyjny Klub Parlamentarny Lewicy (Nowa Lewica, PPS, Razem, Wiosna Roberta Biedronia)"
Q64141216,Władysław Bartoszewski,Q108524672,"Klub Parlamentarny Koalicja Polska – PSL, UED, Konserwatyści"
Q19690145,Paweł Bejda,Q108524672,"Klub Parlamentarny Koalicja Polska – PSL, UED, Konserwatyści"
Q364643,Marek Biernacki,Q108524672,"Klub Parlamentarny Koalicja Polska – PSL, UED, Konserwatyści"
Q4759608,Andrzej Grzyb,Q108524672,"Klub Parlamentarny Koalicja Polska – PSL, UED, Konserwatyści"
Q6843607,Mieczysław Kasprzak,Q108524672,"Klub Parlamentarny Koalicja Polska – PSL, UED, Konserwatyści"
Q16538939,Dariusz Klimczak,Q108524672,"Klub Parlamentarny Koalicja Polska – PSL, UED, Konserwatyści"
Q1374797,Władysław Kosiniak-Kamysz,Q108524672,"Klub Parlamentarny Koalicja Polska – PSL, UED, Konserwatyści"
Q73025004,Stefan Krajewski,Q108524672,"Klub Parlamentarny Koalicja Polska – PSL, UED, Konserwatyści"
Q9202091,Dariusz Kurzawa,Q108524672,"Klub Parlamentarny Koalicja Polska – PSL, UED, Konserwatyści"
Q21282074,Radosław Lubczyk,Q108524672,"Klub Parlamentarny Koalicja Polska – PSL, UED, Konserwatyści"
Q9296948,Jan Łopata,Q108524672,"Klub Parlamentarny Koalicja Polska – PSL, UED, Konserwatyści"
Q6874368,Mirosław Maliszewski,Q108524672,"Klub Parlamentarny Koalicja Polska – PSL, UED, Konserwatyści"
Q18613937,Urszula Nowogórska,Q108524672,"Klub Parlamentarny Koalicja Polska – PSL, UED, Konserwatyści"
Q9367197,Urszula Pasławska,Q108524672,"Klub Parlamentarny Koalicja Polska – PSL, UED, Konserwatyści"
Q19690215,Krzysztof Paszyk,Q108524672,"Klub Parlamentarny Koalicja Polska – PSL, UED, Konserwatyści"
Q1676939,Jacek Protasiewicz,Q108524672,"Klub Parlamentarny Koalicja Polska – PSL, UED, Konserwatyści"
Q465497,Ireneusz Raś,Q108524672,"Klub Parlamentarny Koalicja Polska – PSL, UED, Konserwatyści"
Q60834225,Jarosław Rzepa,Q108524672,"Klub Parlamentarny Koalicja Polska – PSL, UED, Konserwatyści"
Q1249225,Marek Sawicki,Q108524672,"Klub Parlamentarny Koalicja Polska – PSL, UED, Konserwatyści"
Q6271409,Czesław Siekierski,Q108524672,"Klub Parlamentarny Koalicja Polska – PSL, UED, Konserwatyści"
Q6110658,Jacek Tomczak,Q108524672,"Klub Parlamentarny Koalicja Polska – PSL, UED, Konserwatyści"
Q11818289,Piotr Zgorzelski,Q108524672,"Klub Parlamentarny Koalicja Polska – PSL, UED, Konserwatyści"
Q72936661,Zbigniew Ziejewski,Q108524672,"Klub Parlamentarny Koalicja Polska – PSL, UED, Konserwatyści"
Q71256827,Bożena Żelazowska,Q108524672,"Klub Parlamentarny Koalicja Polska – PSL, UED, Konserwatyści"
Q73675494,Konrad Berkowicz,Q108524680,Koło Poselskie Konfederacja
Q5423758,Krzysztof Bosak,Q108524680,Koło Poselskie Konfederacja
Q168205,Grzegorz Braun,Q108524680,Koło Poselskie Konfederacja
Q72101024,Artur Dziambor,Q108524680,Koło Poselskie Konfederacja
Q70960614,Krystian Kamiński,Q108524680,Koło Poselskie Konfederacja
Q1683061,Janusz Korwin-Mikke,Q108524680,Koło Poselskie Konfederacja
Q21282067,Jakub Kulesza,Q108524680,Koło Poselskie Konfederacja
Q48864253,Dobromir Sośnierz,Q108524680,Koło Poselskie Konfederacja
Q71121420,Krzysztof Tuduj,Q108524680,Koło Poselskie Konfederacja
Q73682955,Michał Urbaniak,Q108524680,Koło Poselskie Konfederacja
Q19269610,Robert Winnicki,Q108524680,Koło Poselskie Konfederacja
Q19267935,Hanna Gill-Piątek,Q108524677,Koło Parlamentarne Polska 2050
Q11778765,Michał Gramatyka,Q108524677,Koło Parlamentarne Polska 2050
Q21282041,Paulina Hennig-Kloska,Q108524677,Koło Parlamentarne Polska 2050
Q9376668,Wojciech Maksymowicz,Q108524677,Koło Parlamentarne Polska 2050
Q439058,Joanna Mucha,Q108524677,Koło Parlamentarne Polska 2050
Q21282129,Mirosław Suchoń,Q108524677,Koło Parlamentarne Polska 2050
Q9359824,Tomasz Zimoch,Q108524677,Koło Parlamentarne Polska 2050
Q71528039,Stanisław Bukowiec,Q108524679,Koło Parlamentarne Porozumienie Jarosława Gowina
Q222905,Jarosław Gowin,Q108524679,Koło Parlamentarne Porozumienie Jarosława Gowina
Q21282087,Iwona Michałek,Q108524679,Koło Parlamentarne Porozumienie Jarosława Gowina
Q72386631,Magdalena Sroka,Q108524679,Koło Parlamentarne Porozumienie Jarosława Gowina
Q72852516,Michał Wypij,Q108524679,Koło Parlamentarne Porozumienie Jarosława Gowina
Q168064,Zbigniew Girzyński,Q108524690,Koło Poselskie Polskie Sprawy
Q4759710,Andrzej Sośnierz,Q108524690,Koło Poselskie Polskie Sprawy
Q21282135,Paweł Szramka,Q108524690,Koło Poselskie Polskie Sprawy
Q21282142,Agnieszka Ścigaj,Q108524690,Koło Poselskie Polskie Sprawy
Q55390,Paweł Kukiz,Q108524687,Koło Poselskie Kukiz’15 – Demokracja Bezpośrednia
Q21282117,Jarosław Sachajko,Q108524687,Koło Poselskie Kukiz’15 – Demokracja Bezpośrednia
Q21282147,Stanisław Tyszka,Q108524687,Koło Poselskie Kukiz’15 – Demokracja Bezpośrednia
Q71193850,Stanisław Żuk,Q108524687,Koło Poselskie Kukiz’15 – Demokracja Bezpośrednia
Q21281995,Zbigniew Ajchler,Q327591,Posłowie niezrzeszeni
Q6338599,Ryszard Galla,Q327591,Posłowie niezrzeszeni
Q105087004,Łukasz Mejza,Q327591,Posłowie niezrzeszeni
Q5428271,Paweł Zalewski,Q327591,Posłowie niezrzeszeni
